{
  "content": {
    "_creators": null,
    "architecture": 64,
    "base_exec_prefix": "/nix/store/2vm88xw7513h9pyjyafw32cps51b0ia1-python3-3.8.12",
    "base_prefix": "/nix/store/2vm88xw7513h9pyjyafw32cps51b0ia1-python3-3.8.12",
    "distutils_install": {
      "data": "",
      "headers": "include/python3.8/UNKNOWN",
      "platlib": "lib/python3.8/site-packages",
      "purelib": "lib/python3.8/site-packages",
      "scripts": "bin"
    },
    "exec_prefix": "/nix/store/2vm88xw7513h9pyjyafw32cps51b0ia1-python3-3.8.12",
    "executable": "/nix/store/2vm88xw7513h9pyjyafw32cps51b0ia1-python3-3.8.12/bin/python3.8",
    "file_system_encoding": "utf-8",
    "has_venv": true,
    "implementation": "CPython",
    "max_size": 9223372036854775807,
    "original_executable": "/nix/store/2vm88xw7513h9pyjyafw32cps51b0ia1-python3-3.8.12/bin/python3.8",
    "os": "posix",
    "path": [
      "/home/runner/blackjack-start/venv/lib/python3.8/site-packages/virtualenv/discovery",
      "/home/runner/blackjack-start/venv/lib/python3.10/site-packages",
      "/nix/store/2vm88xw7513h9pyjyafw32cps51b0ia1-python3-3.8.12/lib/python38.zip",
      "/nix/store/2vm88xw7513h9pyjyafw32cps51b0ia1-python3-3.8.12/lib/python3.8",
      "/nix/store/2vm88xw7513h9pyjyafw32cps51b0ia1-python3-3.8.12/lib/python3.8/lib-dynload",
      "/nix/store/2vm88xw7513h9pyjyafw32cps51b0ia1-python3-3.8.12/lib/python3.8/site-packages"
    ],
    "platform": "linux",
    "prefix": "/nix/store/2vm88xw7513h9pyjyafw32cps51b0ia1-python3-3.8.12",
    "real_prefix": null,
    "stdout_encoding": "utf-8",
    "sysconfig": {
      "makefile_filename": "/nix/store/2vm88xw7513h9pyjyafw32cps51b0ia1-python3-3.8.12/lib/python3.8/config-3.8-x86_64-linux-gnu/Makefile"
    },
    "sysconfig_paths": {
      "data": "{base}",
      "include": "{installed_base}/include/python{py_version_short}{abiflags}",
      "platlib": "{platbase}/lib/python{py_version_short}/site-packages",
      "platstdlib": "{platbase}/lib/python{py_version_short}",
      "purelib": "{base}/lib/python{py_version_short}/site-packages",
      "scripts": "{base}/bin",
      "stdlib": "{installed_base}/lib/python{py_version_short}"
    },
    "sysconfig_scheme": null,
    "sysconfig_vars": {
      "PYTHONFRAMEWORK": "",
      "abiflags": "",
      "base": "/nix/store/2vm88xw7513h9pyjyafw32cps51b0ia1-python3-3.8.12",
      "installed_base": "/nix/store/2vm88xw7513h9pyjyafw32cps51b0ia1-python3-3.8.12",
      "platbase": "/nix/store/2vm88xw7513h9pyjyafw32cps51b0ia1-python3-3.8.12",
      "py_version_short": "3.8"
    },
    "system_executable": "/nix/store/2vm88xw7513h9pyjyafw32cps51b0ia1-python3-3.8.12/bin/python3.8",
    "system_stdlib": "/nix/store/2vm88xw7513h9pyjyafw32cps51b0ia1-python3-3.8.12/lib/python3.8",
    "system_stdlib_platform": "/nix/store/2vm88xw7513h9pyjyafw32cps51b0ia1-python3-3.8.12/lib/python3.8",
    "version": "3.8.12 (default, Aug 30 2021, 16:42:10) \n[GCC 10.3.0]",
    "version_info": {
      "major": 3,
      "micro": 12,
      "minor": 8,
      "releaselevel": "final",
      "serial": 0
    },
    "version_nodot": "38"
  },
  "path": "/nix/store/2vm88xw7513h9pyjyafw32cps51b0ia1-python3-3.8.12/bin/python3.8",
  "st_mtime": 1.0
}